#Observation Type, Mission, Instrument, Detector, Project, Filters, Waveband, Target Name, Target Classification, Observation ID, RA, Dec, Proposal ID, Principal Investigator, Product Type, Calibration Level, Start Time, End Time, Exposure Length, Min. Wavelength, Max. Wavelength, Observation Title, Release Date, Proposal Type, Sequence Number, Region,Focale, Format, Seeing, Moon, jpegURL, url
#@string, string, string, string, string, string, string, string, string, string, ra, dec, string, string, string, int, float, float, float, string, string, string, float, string, int, string, float, string, float, float, string, string
intentType,obs_collection,instrument_name,Detector,project,filters,wavelength_region,target_name,target_classification,obs_id,s_ra,s_dec,proposal_id,proposal_pi,dataproduct_type,calib_level,t_min,t_max,t_exptime,em_min,em_max,obs_title,t_obs_release,proposal_type,sequence_number,s_region,focale,format,Seeing,Moon,jpegURL,url
science,UT1,M603,Atik Titan,V* Star,CLS CCD,OPTICAL,v1490 Cyg,V* Star,124-14,312.7233,44.3503,,dtouzan@gmail.com,IMAGE,1,58753.79791666,58753.8395833298,180,,,Variable in cygnus,58757,,124,,1000,image/fits,4,0,,
science,UT1,M603,Atik Titan,V* Star,CLS CCD,OPTICAL,v1490 Cyg,V* Star,124-13,312.7233,44.3503,,dtouzan@gmail.com,IMAGE,1,58748.8041666601,58748.8458333299,180,,,Variable in cygnus,58757,,124,,1000,image/fits,3.5,25,,
science,UT1,M603,Atik Titan,V* Star,CLS CCD,OPTICAL,v1490 Cyg,V* Star,124-12,312.7233,44.3503,,dtouzan@gmail.com,IMAGE,1,58746.8062499999,58746.8479166598,180,,,Variable in cygnus,58757,,124,,1000,image/fits,3.8,50,,
science,UT1,M603,Atik Titan,V* Star,CLS CCD,OPTICAL,v1490 Cyg,V* Star,124-11,312.7233,44.3503,,dtouzan@gmail.com,IMAGE,1,58745.8069444401,58745.8486111098,180,,,Variable in cygnus,58757,,124,,1000,image/fits,3.8,50,,
science,UT1,M603,Atik Titan,V* Star,CLS CCD,OPTICAL,v1490 Cyg,V* Star,124-10,312.7233,44.3503,,dtouzan@gmail.com,IMAGE,1,58744.80972222,58744.85138888,180,,,Variable in cygnus,58757,,124,,1000,image/fits,4,75,,
science,UT1,M603,Atik Titan,V* Star,CLS CCD,OPTICAL,v1490 Cyg,V* Star,124-9,312.7233,44.3503,,dtouzan@gmail.com,IMAGE,1,58743.80972222,58743.85138888,180,,,Variable in cygnus,58757,,124,,1000,image/fits,4,75,,
science,UT1,M603,Atik Titan,V* Star,CLS CCD,OPTICAL,v1490 Cyg,V* Star,124-8,312.7233,44.3503,,dtouzan@gmail.com,IMAGE,1,58741.8076388798,58741.8451388799,180,,,Variable in cygnus,58757,,124,,1000,image/fits,3.8,100,,
science,UT1,M603,Atik Titan,V* Star,CLS CCD,OPTICAL,v1490 Cyg,V* Star,124-7,312.7233,44.3503,,dtouzan@gmail.com,IMAGE,1,58740.8111,58740.9222222198,180,,,Variable in cygnus,58757,,124,,1000,image/fits,3.8,100,,
science,UT1,M603,Atik Titan,V* Star,CLS CCD,OPTICAL,v1490 Cyg,V* Star,124-6,312.7233,44.3503,,dtouzan@gmail.com,IMAGE,1,58738.8284721998,58738.8680549,180,,,Variable in cygnus,58757,,124,,1000,image/fits,3.8,75,,
science,UT1,M603,Atik Titan,V* Star,CLS CCD,OPTICAL,v1490 Cyg,V* Star,124-5,312.7233,44.3503,,dtouzan@gmail.com,IMAGE,1,58736.8305549998,58736.8576388,180,,,Variable in cygnus,58757,,124,,1000,image/fits,3.5,50,,
science,UT1,M603,Atik Titan,V* Star,CLS CCD,OPTICAL,v1490 Cyg,V* Star,124-4,312.7233,44.3503,,dtouzan@gmail.com,IMAGE,1,58734.8250000001,58734.8895829999,180,,,Variable in cygnus,58757,,124,,1000,image/fits,3.5,50,,
science,UT1,M603,Atik Titan,V* Star,CLS CCD,OPTICAL,v1490 Cyg,V* Star,124-3,312.7233,44.3503,,dtouzan@gmail.com,IMAGE,1,58731.8333333302,58731.8937499998,180,,,Variable in cygnus,58757,,124,,1000,image/fits,4,25,,
science,UT1,M603,Atik Titan,V* Star,CLS CCD,OPTICAL,v1490 Cyg,V* Star,124-2,312.7233,44.3503,,dtouzan@gmail.com,IMAGE,1,58725.859722,58725.931944,180,,,Variable in cygnus,58757,,124,,1000,image/fits,5,0,,
science,UT1,M603,Atik Titan,V* Star,CLS CCD,OPTICAL,v1490 Cyg,V* Star,124-1,312.7233,44.3503,,dtouzan@gmail.com,IMAGE,1,58724.848611,58724.9215277,180,,,Variable in cygnus,58757,,124,,1000,image/fits,4,0,,
science,UT1,M603,Atik Titan,V* Star,CLS CCD,OPTICAL,v2492 Cyg,V* Star,123-3,312.85932,44.08996,,dtouzan@gmail.com,IMAGE,1,58727.840277,58727.925,7380,,,Variable in cygnus,58757,,123,,1000,image/fits,4.5,0,,
science,UT1,M603,Atik Titan,V* Star,CLS CCD,OPTICAL,v2492 Cyg,V* Star,123-2,312.85932,44.08996,,dtouzan@gmail.com,IMAGE,1,58717.85,58717.9173611,5220,,,Variable in cygnus,58757,,123,,1000,image/fits,4,0,,
science,UT1,M603,Atik Titan,V* Star,CLS CCD,OPTICAL,v2492 Cyg,V* Star,123-1,312.85932,44.08996,,dtouzan@gmail.com,IMAGE,1,58715.89375,58715.9340277,3240,,,Variable in cygnus,58757,,123,,1000,image/fits,4,0,,
science,UT1,M603,Atik Titan,Supernovae,G,OPTICAL,sn2019ein,SN,122,208.371375,40.275361,,dtouzan@gmail.com,IMAGE,1,58662.9437 ,58662.957638,1500,,,SN in NGC 5353,58690,,122,POLYGON 208.49924 40.39639 208.49924 40.14639 208.24924 40.14639 208.24924 40.39639,1000,image/fits,3.2,25,,https://drive.google.com/file/d/13uDCCz-ioBVryewS-8HB4XBKz_ypx9QX/view?usp=sharing
science,UT1,M603,Atik Titan,Supernovae,CLS CCD & G,OPTICAL,sn2019ein,SN,121,208.371375,40.275361,,dtouzan@gmail.com,IMAGE,1,58655.9263,58655.9722,4200,,,SN in NGC 5353,58690,,121,POLYGON 208.49924 40.39639 208.49924 40.14639 208.24924 40.14639 208.24924 40.39639,1000,image/fits,3.2,80,,https://drive.google.com/file/d/13uDCCz-ioBVryewS-8HB4XBKz_ypx9QX/view?usp=sharing
science,UT1,M603,Atik Titan,Supernovae,CLS CCD,OPTICAL,sn2019ein,SN,120,208.371375,40.275361,,dtouzan@gmail.com,IMAGE,1,58634.91038194444,58634.983506944445,6900,,,SN in NGC 5353,58640,,120,POLYGON 208.49924 40.39939 208.49924 40.14939 208.24924 40.14939 208.24924 40.39939,1000,image/fits,3.8,0,,https://drive.google.com/file/d/13uDCCz-ioBVryewS-8HB4XBKz_ypx9QX/view?usp=sharing
science,UT1,M603,Atik Titan,Supernovae,CLS CCD,OPTICAL,sn2019ein,SN,119,208.371375,40.275361,,dtouzan@gmail.com,IMAGE,1,58633.89711805992,58633.90758102015,1200,,,SN in NGC 5353,58640,,119,POLYGON 208.49824 40.39839 208.49824 40.14839 208.24824 40.14839 208.24824 40.39839,1000,image/fits,3.8,0,,https://drive.google.com/file/d/13uDCCz-ioBVryewS-8HB4XBKz_ypx9QX/view?usp=sharing
science,UT1,M603,Atik Titan,HII,CLS CCD & L,OPTICAL,M 101,GinPair,118,210.80227,54.34895,,dtouzan@gmail.com,IMAGE,1,58625.89236100018,58625.93819400016,4200,,,HII Region in M 101,58640,,118,POLYGON 210.96227 54.46895 210.96227 54.22895 210.64227 54.22895 210.64227 54.46895,1000,image/fits,4,100,,
science,UT1,M603,Atik Titan,HII,CLS CCD,OPTICAL,NGC 5390 / NGC 5371 ,LINER,117,208.916762,40.461769,,dtouzan@gmail.com,IMAGE,1,58624.893749999814,58624.95276999986,5400,,,HII Region in M 100,58630,,117,POLYGON 209.041962 40.586769 209.041962 40.336769 208.791962 40.336769 208.791962 40.586769,1000,image/fits,4,100,,https://twitter.com/DominiqueTouzan/status/1132006307991556097
science,UT1,M603,Atik Titan,HII,CLS CCD,OPTICAL,NGC 5390 / NGC 5371 ,LINER,116,208.916762,40.461769,,dtouzan@gmail.com,IMAGE,1,58617.893749999814,58617.9388888902,3900,,,HII Region in M 100,58630,,116,POLYGON 209.041762 40.586769 209.041762 40.336769 208.791762 40.336769 208.791762 40.586769,1000,image/fits,3.8,80,,https://twitter.com/DominiqueTouzan/status/1132006307991556097
science,UT1,M603,Atik Titan,Supernovae,CLS CCD,OPTICAL,sn2019ein,SN,115,208.371375,40.275361,,dtouzan@gmail.com,IMAGE,1,58616.88541666977,58616.94444443984,5100,,,SN in NGC 5353,58630,,115,POLYGON 208.49724 40.39839 208.49724 40.14839 208.24724 40.14839 208.24724 40.39839,1000,image/fits,3.8,80,,https://twitter.com/DominiqueTouzan/status/1134164140501721090
science,UT1,M603,Atik Titan,Supernovae,CLS CCD,OPTICAL,sn2019edo,SN,114,182.96533, 24.13655,,dtouzan@gmail.com,IMAGE,1,58615.89305556007,58615.952083330136,5100,,,SN in NGC 4162,58615,,114,POLYGON 183.09033 24.26155 183.09033 24.01155 182.84033 24.01155 182.84033 24.26155,1000,image/fits,3.8,50,,https://twitter.com/DominiqueTouzan/status/1130141488443211778
science,UT1,M603,Atik Titan,Supernovae,CLS CCD,OPTICAL,sn2019ehk,SN,113,185.73295, 15.82717,,dtouzan@gmail.com,IMAGE,1,58614.88819443993,58614.93680555979,4200,,,SN in M100,58611,,113,POLYGON 185.85795 15.95217 185.85795 15.70217 185.60795 15.70217 185.60795 15.95217,1000,image/fits,3.8,50,,https://twitter.com/DominiqueTouzan/status/1128025806918311936
science,UT1,M603,Atik Titan,Supernovae,CLS CCD,OPTICAL,sn2019edo,SN,112,182.96533, 24.13655,,dtouzan@gmail.com,IMAGE,1,58612.88472221978,58612.91250000009,2400,,,SN in NGC 4162,58611,,112,POLYGON 183.09033 24.26155 183.09033 24.01155 182.84033 24.01155 182.84033 24.26155,1000,image/fits,3.8,25,,https://twitter.com/DominiqueTouzan/status/1130141488443211778
science,UT1,M603,Atik Titan,Supernovae,CLS CCD,OPTICAL,sn2019ehk,SN,111,185.73295, 15.82717,,dtouzan@gmail.com,IMAGE,1,58612.93055556016,58612.97916666977,4200,,,SN in M100,58611,,111,POLYGON 185.85795 15.95217 185.85795 15.70217 185.60795 15.70217 185.60795 15.95217,1000,image/fits,3.8,25,,https://twitter.com/DominiqueTouzan/status/1128025806918311936
science,UT1,M603,Atik Titan,Deep sky objects,CLS CCD,OPTICAL,NGC 4217 ,GinGroup ,110,183.962083 ,47.091789              ,,dtouzan@gmail.com,IMAGE,1,58603.924999999814,58603.96319444012,3300,,,Dust in galaxy,58611,,110,POLYGON 184.087083 47.216789 184.087083 46.966789 183.837083 46.966789 183.837083 47.216789,1000,image/fits,4,0,,https://twitter.com/DominiqueTouzan/status/1125075415150792704
science,UT1,M603,Atik Titan,Deep sky objects,CLS CCD,OPTICAL,M 106 ,Seyfert_2,109,184.740083 ,47.303719              ,,dtouzan@gmail.com,IMAGE,1,58603.88125000009,58603.91944443993,3300,,,Dust in galaxy,58611,,109,POLYGON 184.865083 47.428719 184.865083 47.178719 184.615083 47.178719 184.615083 47.428719,1000,image/fits,4,25,,https://twitter.com/DominiqueTouzan/status/1123673474038403077
science,UT1,M603,Atik Titan,Deep sky objects,CLS CCD,OPTICAL,NGC 3861 ,LINER    ,108,176.266164 ,19.973678              ,,dtouzan@gmail.com,IMAGE,1,58602.88819443993,58602.93333332986,3900,,,,58610,,108,POLYGON 176.391164 20.098678 176.391164 19.848678 176.141164 19.848678 176.141164 20.098678,1000,image/fits,4,25,,
science,UT1,M603,Atik Titan,PN resolution,CLS CCD,OPTICAL,NGC 2371 ,PN       ,107,111.3945352380818 ,29.4906750076898,,dtouzan@gmail.com,IMAGE,1,58562.84027777985,58562.88194443984,3600,,,HII OIII region,58570,,107,POLYGON 111.519535238081 29.6156750076898 111.519535238081 29.3656750076898 111.269535238081 29.3656750076898 111.269535238081 29.6156750076898,1000,image/fits,4,100,,https://twitter.com/DominiqueTouzan/status/1102687501238583296
science,UT1,M603,Atik Titan,Deep sky objects,CLS CCD,OPTICAL,M 51 ,GinPair  ,106,202.469575 ,47.195258              ,,dtouzan@gmail.com,IMAGE,1,58594.9048611098,58594.96388889011,5100,,,Dust in galaxy,58602,,106,POLYGON 202.594575 47.320258 202.594575 47.070258 202.344575 47.070258 202.344575 47.320258,1000,image/fits,4,100,,https://twitter.com/DominiqueTouzan/status/1120414993583890432
science,UT1,M603,Atik Titan,Deep sky objects,CLS CCD,OPTICAL,NGC 4147,GlCl     ,105,182.525621 ,18.542161              ,,dtouzan@gmail.com,IMAGE,1,58593.89930556016,58593.923611110076,2100,,,Stars in cluster,58601,,105,POLYGON 182.650621 18.667161 182.650621 18.417161 182.400621 18.417161 182.400621 18.667161,1000,image/fits,4,100,,https://twitter.com/DominiqueTouzan/status/1120422370714451970
science,UT1,M603,Atik Titan,Deep sky objects,CLS CCD,OPTICAL,NGC 4656,GinPair  ,104,190.9903670181344 ,32.1703730799704,,dtouzan@gmail.com,IMAGE,1,58586.92986111017,58586.97152777994,3600,,,Dust in galaxy,58594,,104,POLYGON 191.115367018134 32.2953730799704 191.115367018134 32.0453730799704 190.865367018134 32.0453730799704 190.865367018134 32.2953730799704,1000,image/fits,4,80,,
science,UT1,M603,Atik Titan,Deep sky objects,CLS CCD,OPTICAL,NGC 3861,LINER    ,103,176.266164 ,19.973678              ,,dtouzan@gmail.com,IMAGE,1,58584.89027778013,58584.93541667005,3900,,,,58592,,103,POLYGON 176.391164 20.098678 176.391164 19.848678 176.141164 19.848678 176.141164 20.098678,1000,image/fits,4,50,,
science,UT1,M603,Atik Titan,Deep sky objects,CLS CCD,OPTICAL,NGC 3841,LINER    ,102,176.0089980711638 ,19.9719136791942,,dtouzan@gmail.com,IMAGE,1,58583.91250000009,58583.954166669864,3600,,,,58591,,102,POLYGON 176.133998071163 20.0969136791942 176.133998071163 19.8469136791942 175.883998071163 19.8469136791942 175.883998071163 20.0969136791942,1000,image/fits,4,25,,
science,UT1,M603,Atik Titan,Deep sky objects,CLS CCD,OPTICAL,UGC 5315 / PGC 28547 ,Galaxy   ,101,148.560900 ,37.298794              ,,dtouzan@gmail.com,IMAGE,1,58568.863194440026,58568.9048611098,3600,,,Dust in galaxy,58576,,101,POLYGON 148.6859 37.423794 148.6859 37.173794 148.4359 37.173794 148.4359 37.423794,1000,image/fits,4,80,,
science,UT1,M603,Atik Titan,Deep sky objects,CLS CCD,OPTICAL,NGC 3198,EmG      ,100,154.979125 ,45.549689              ,,dtouzan@gmail.com,IMAGE,1,58568.925694440026,58568.9673611098,3600,,,,58576,,100,POLYGON 155.104125 45.674689 155.104125 45.424689 154.854125 45.424689 154.854125 45.674689,1000,image/fits,4,80,,https://twitter.com/DominiqueTouzan/status/1113883788612984833
science,UT1,M603,Atik Titan,HII,CLS CCD,OPTICAL,NGC 2905 / NGC 2903,HII_G    ,99,143.042129 ,21.500831              ,,dtouzan@gmail.com,IMAGE,1,58567.86458333023,58567.90972222015,3900,,,HII Region in M 100,58575,,99,POLYGON 143.167129 21.625831 143.167129 21.375831 142.917129 21.375831 142.917129 21.625831,1000,image/fits,4,80,,https://twitter.com/DominiqueTouzan/status/1111364469781946368
science,UT1,M603,Atik Titan,HII,CLS CCD,OPTICAL,NGC 2905 / NGC 2903,HII_G    ,98,143.042129 ,21.500831              ,,dtouzan@gmail.com,IMAGE,1,58541.92708333023,58541.956249999814,2520,,,HII Region in M 100,58549,,98,POLYGON 143.167129 21.625831 143.167129 21.375831 142.917129 21.375831 142.917129 21.625831,1000,image/fits,4,50,,https://twitter.com/DominiqueTouzan/status/1111364469781946368
science,UT1,M603,Atik Titan,PN resolution,CLS CCD,OPTICAL,NGC 2371,PN       ,97,111.3945352380818 ,29.4906750076898,,dtouzan@gmail.com,IMAGE,1,58540.87430555979,58540.90902777994,3000,,,HII OIII region,58548,,97,POLYGON 111.519535238081 29.6156750076898 111.519535238081 29.3656750076898 111.269535238081 29.3656750076898 111.269535238081 29.6156750076898,1000,image/fits,4,50,,
science,UT1,M603,Atik Titan,PN resolution,CLS CCD,OPTICAL,NGC 2371,PN       ,96,111.3945352380818 ,29.4906750076898,,dtouzan@gmail.com,IMAGE,1,58539.85972221987,58539.89791666996,3300,,,HII OIII region,58547,,96,POLYGON 111.519535238081 29.6156750076898 111.519535238081 29.3656750076898 111.269535238081 29.3656750076898 111.269535238081 29.6156750076898,1000,image/fits,4,50,,
science,UT1,M603,Atik Titan,PN resolution,CLS CCD,OPTICAL,M 76,PN       ,95,025.5819186282012 ,51.5754314258261,,dtouzan@gmail.com,IMAGE,1,58452.88541666977,58452.90277777985,1500,,,HII OIII region,58460,,95,POLYGON 25.7069186282012 51.7004314258261 25.7069186282012 51.4504314258261 25.4569186282012 51.4504314258261 25.4569186282012 51.7004314258261,1000,image/fits,4,50,,https://twitter.com/DominiqueTouzan/status/1103389154682064896
science,UT1,M603,Atik Titan,HII,CLS CCD,OPTICAL,NGC 604,HII      ,94,023.6338 ,30.7836                  ,,dtouzan@gmail.com,IMAGE,1,58452.857638889924,58452.86527778022,660,,,HII Region in M 100,58460,,94,POLYGON 23.7588 30.9086 23.7588 30.6586 23.5088 30.6586 23.5088 30.9086,1000,image/fits,4,50,,
science,UT1,M603,Atik Titan,HII,CLS CCD,OPTICAL,NGC 7635,HII      ,93,350.2012 ,61.2017                  ,,dtouzan@gmail.com,IMAGE,1,58439.81527777994,58439.85347221978,3300,,,HII Region in M 100,58447,,93,POLYGON 350.3262 61.3267 350.3262 61.0767 350.0762 61.0767 350.0762 61.3267,1000,image/fits,4,80,,
science,UT1,M603,Atik Titan,HII,CLS CCD,OPTICAL,NGC 604,HII      ,92,023.6338 ,30.7836                  ,,dtouzan@gmail.com,IMAGE,1,58424.981250000186,58425.01111110998,2580,,,HII Region in M 100,58432,,92,POLYGON 23.7588 30.9086 23.7588 30.6586 23.5088 30.6586 23.5088 30.9086,1000,image/fits,4,25,,
science,UT1,M603,Atik Titan,Supernovae,CLS CCD,OPTICAL,sn2018hhn,SN,91,343.13465,11.67325,,dtouzan@gmail.com,IMAGE,1,58421.89583333023,58421.91388888983,1560,,,SN in UGC 12222,58432,,91,POLYGON 343.25965 11.79825 343.25965 11.54825 343.00965 11.54825 343.00965 11.79825,500,image/fits,3,50,,
science,UT1,M603,Atik Titan,Supernovae,CLS CCD,OPTICAL,sn2018hhn,SN,90,343.14465,11.69325,,dtouzan@gmail.com,IMAGE,1,58421.89583333023,58421.91388888983,1560,,,SN in UGC 12222,58432,,90,POLYGON 343.26965 11.81825 343.26965 11.56825 343.01965 11.56825 343.01965 11.81825,1000,image/fits,3,50,,
science,UT1,M603,Atik Titan,Deep sky objects,CLS CCD,OPTICAL,IC 1340,SNR,89,314.2500 ,31.2167                  ,,dtouzan@gmail.com,IMAGE,1,58403.85138888983,58403.875,2040,,,,58411,,89,POLYGON 314.375 31.3417 314.375 31.0917 314.125 31.0917 314.125 31.3417,1000,image/fits,4,0,,
science,UT1,M603,Atik Titan,Deep sky objects,CLS CCD,OPTICAL,NGC 6910,OpCl     ,88,305.7833 ,40.7750                  ,,dtouzan@gmail.com,IMAGE,1,58396.8451388902,58396.85590277985,930,,,Stars in cluster,58404,,88,POLYGON 305.9083 40.9 305.9083 40.65 305.6583 40.65 305.6583 40.9,1000,image/fits,4,0,,
science,UT1,M603,Atik Titan,Deep sky objects,CLS CCD,OPTICAL,M 29,OpCl     ,87,305.9833 ,38.5233                  ,,dtouzan@gmail.com,IMAGE,1,58396.86944444012,58396.88090278022,990,,,Stars in cluster,58404,,87,POLYGON 306.1083 38.6483 306.1083 38.3983 305.8583 38.3983 305.8583 38.6483,1000,image/fits,4,0,,
science,UT1,M603,Atik Titan,Deep sky objects,CLS CCD,OPTICAL,NGC 6995,SNR,86,314.2500 ,31.2167                  ,,dtouzan@gmail.com,IMAGE,1,58399.8423611098,58399.88819443993,3960,,,,58407,,86,POLYGON 314.375 31.3417 314.375 31.0917 314.125 31.0917 314.125 31.3417,1000,image/fits,4,0,,
science,UT1,M603,Atik Titan,Deep sky objects,CLS CCD,OPTICAL,Cl Collinder 419 / Cr 419,OpCl,85,304.5292  ,40.7317 ,,dtouzan@gmail.com,IMAGE,1,58395.8763888902,58395.88611110998,840,,,Stars in cluster,58403,,85,POLYGON 304.6542 40.8567 304.6542 40.6067 304.4042 40.6067 304.4042 40.8567,1000,image/fits,4,25,,
science,UT1,M603,Atik Titan,Deep sky objects,CLS CCD,OPTICAL,NGC 7538,OpCl     ,84,348.4050 ,61.5000                  ,,dtouzan@gmail.com,IMAGE,1,58396.92986111017,58396.95902778022,2520,,,Stars in cluster,58404,,84,POLYGON 348.53 61.625 348.53 61.375 348.28 61.375 348.28 61.625,1000,image/fits,4,0,,
science,UT1,M603,Atik Titan,HII,CLS CCD,OPTICAL,LBN 078.73+01.45  / LBN 249,HII      ,83,306.5000 ,40.5000                  ,,dtouzan@gmail.com,IMAGE,1,58395.81458332995,58395.84097222006,2280,,,HII Region in M 100,58403,,83,POLYGON 306.625 40.625 306.625 40.375 306.375 40.375 306.375 40.625,1000,image/fits,4,25,,
science,UT1,M603,Atik Titan,Deep sky objects,CLS CCD,OPTICAL,v1490cyg,Vstar,82,312.72366,44.35017,,dtouzan@gmail.com,IMAGE,1,58389.85138888983,58389.89652778022,3900,,,Variable AAVSO in cygnus,58403,,82,POLYGON 312.84966 44.47617 312.84966 44.22617 312.59966 44.22617 312.59966 44.47617,1000,image/fits,4,100,,
science,UT1,M603,Atik Titan,Deep sky objects,CLS CCD,OPTICAL,v1490cyg,Vstar,81,312.72366,44.35017,,dtouzan@gmail.com,IMAGE,1,58384.831249999814,58384.862499999814,2700,,,Variable AAVSO in cygnus,58403,,81,POLYGON 312.84866 44.47517 312.84866 44.22517 312.59866 44.22517 312.59866 44.47517,1000,image/fits,4,100,,
science,UT1,M603,Atik Titan,Deep sky objects,CLS CCD,OPTICAL,v1490cyg,Vstar,80,312.72366,44.35017,,dtouzan@gmail.com,IMAGE,1,58384.9076388902,58384.91666666977,780,,,Variable AAVSO in cygnus,58403,,80,POLYGON 312.84966 44.47507 312.84966 44.22507 312.59966 44.22507 312.59966 44.47507,500,image/fits,4,100,,
science,UT1,M603,Atik Titan,HII,CLS CCD,OPTICAL,SH 2-112,HII      ,79,308.4542 ,45.6333                  ,,dtouzan@gmail.com,IMAGE,1,58376.87083332986,58376.90972222015,3360,,,HII Region in M 100,58384,,79,POLYGON 308.5792 45.7583 308.5792 45.5083 308.3292 45.5083 308.3292 45.7583,500,image/fits,4,50,,
science,UT1,M603,Atik Titan,PN resolution,CLS CCD,OPTICAL,PN A66 71 / SH 2-116,PN       ,78,308.096733 ,47.347336              ,,dtouzan@gmail.com,IMAGE,1,58375.8763888902,58375.897222219966,1800,,,HII OIII region,58383,,78,POLYGON 308.221733 47.472336 308.221733 47.222336 307.971733 47.222336 307.971733 47.472336,500,image/fits,4,25,,
science,UT1,M603,Atik Titan,Deep sky objects,CLS CCD,OPTICAL,NGC 6888                 ,ISM      ,77,303.0292 ,38.3550                  ,,dtouzan@gmail.com,IMAGE,1,58374.88194443984,58374.93402777985,4500,,,,58382,,77,POLYGON 303.1542 38.48 303.1542 38.23 302.9042 38.23 302.9042 38.48,1000,image/fits,4,25,,
science,UT1,M603,Atik Titan,Deep sky objects,CLS CCD,OPTICAL,NGC 6888,ISM      ,76,303.0292 ,38.3550                  ,,dtouzan@gmail.com,IMAGE,1,58372.83888889011,58372.87847222015,3420,,,,58380,,76,POLYGON 303.1542 38.48 303.1542 38.23 302.9042 38.23 302.9042 38.48,1000,image/fits,4,0,,
science,UT1,M603,Atik Titan,Deep sky objects,CLS CCD,OPTICAL,IC 5146,SFregion ,75,328.3500 ,47.2667                  ,,dtouzan@gmail.com,IMAGE,1,58372.95277778013,58372.9701388902,1500,,,,58380,,75,POLYGON 328.475 47.3917 328.475 47.1417 328.225 47.1417 328.225 47.3917,500,image/fits,4,0,,
science,UT1,M603,Atik Titan,Deep sky objects,CLS CCD,OPTICAL,NGC 6888,ISM      ,74,303.0292 ,38.3550                  ,,dtouzan@gmail.com,IMAGE,1,58370.85000000009,58370.862499999814,1080,,,,58378,,74,POLYGON 303.1542 38.48 303.1542 38.23 302.9042 38.23 302.9042 38.48,1000,image/fits,4,0,,
science,UT1,M603,Atik Titan,PN resolution,CLS CCD,OPTICAL,NGC 6781,PN       ,73,289.617021 ,06.538692              ,,dtouzan@gmail.com,IMAGE,1,58363.83819444012,58363.86388889002,2220,,,HII OIII region,58371,,73,POLYGON 289.742021 6.663692 289.742021 6.413692 289.492021 6.413692 289.492021 6.663692,1000,image/fits,4,50,,
science,UT1,M603,Atik Titan,PN resolution,CLS CCD,OPTICAL,NGC 7048,PN       ,72,318.56354 ,46.28781                ,,dtouzan@gmail.com,IMAGE,1,58362.90416667005,58362.924999999814,1800,,,HII OIII region,58370,,72,POLYGON 318.68854 46.41281 318.68854 46.16281 318.43854 46.16281 318.43854 46.41281,1000,image/fits,4,80,,
science,UT1,M603,Atik Titan,Supernovae,CLS CCD,OPTICAL,sn2017eaw,SN,71,308.68287,60.19855,,dtouzan@gmail.com,IMAGE,1,58362.94097222015,58362.985416669864,3840,,,SN in NGC 6946,58370,,71,POLYGON 308.80787 60.32355 308.80787 60.07355 308.55787 60.07355 308.55787 60.32355,500,image/fits,3.5,80,,
science,UT1,M603,Atik Titan,PN resolution,CLS CCD,OPTICAL,M 27,PN       ,70,299.9015133717808 ,22.7211978791566,,dtouzan@gmail.com,IMAGE,1,58362.92777778022,58362.96319444012,3060,,,HII OIII region,58370,,70,POLYGON 300.02651337178 22.8461978791566 300.02651337178 22.5961978791566 299.77651337178 22.5961978791566 299.77651337178 22.8461978791566,1000,image/fits,4,80,,
science,UT1,M603,Atik Titan,PN resolution,CLS CCD,OPTICAL,M 57 ,PN       ,69,283.3962373213475 ,33.0291342072836,,dtouzan@gmail.com,IMAGE,1,58332.888888889924,58332.90277777985,1200,,,HII OIII region,58340,,69,POLYGON 283.521237321347 33.1541342072836 283.521237321347 32.9041342072836 283.271237321347 32.9041342072836 283.271237321347 33.1541342072836,1000,image/fits,4,80,,
science,UT1,M603,Atik Titan,PN resolution,CLS CCD,OPTICAL,NGC 6543,PN       ,68,269.6391843831060 ,66.6329858227251,,dtouzan@gmail.com,IMAGE,1,58309.93124999991,58309.94375000009,1080,,,HII OIII region,58317,,68,POLYGON 269.764184383106 66.7579858227251 269.764184383106 66.5079858227251 269.514184383106 66.5079858227251 269.514184383106 66.7579858227251,1000,image/fits,4,0,,
science,UT1,M603,Atik Titan,PN resolution,CLS CCD,OPTICAL,NGC 6543,PN       ,67,269.6391843831060 ,66.6329858227251,,dtouzan@gmail.com,IMAGE,1,58307.9388888902,58307.980555559974,3600,,,HII OIII region,58315,,67,POLYGON 269.764184383106 66.7579858227251 269.764184383106 66.5079858227251 269.514184383106 66.5079858227251 269.514184383106 66.7579858227251,500,image/fits,4,25,,
science,UT1,M603,Atik Titan,Deep sky objects,CLS CCD,OPTICAL,M 13,GlCl     ,66,250.423475 ,36.461319              ,,dtouzan@gmail.com,IMAGE,1,58291.92430556007,58291.933680559974,810,,,Stars in cluster,58299,,66,POLYGON 250.548475 36.586319 250.548475 36.336319 250.298475 36.336319 250.298475 36.586319,1000,image/fits,4,80,,
science,UT1,M603,Atik Titan,Deep sky objects,CLS CCD,OPTICAL,NGC 4656,GinPair  ,65,190.9903670181344 ,32.1703730799704,,dtouzan@gmail.com,IMAGE,1,58245.97847221978,58246.04236110998,5520,,,Dust in galaxy,58253,,65,POLYGON 191.115367018134 32.2953730799704 191.115367018134 32.0453730799704 190.865367018134 32.0453730799704 190.865367018134 32.2953730799704,500,image/fits,4,50,,
science,UT1,M603,Atik Titan,Deep sky objects,CLS CCD,OPTICAL,IC 2574,Galaxy   ,64,157.0984185727703 ,68.4120670459305,,dtouzan@gmail.com,IMAGE,1,58248.93333332986,58248.96527777985,2760,,,Dust in galaxy,58256,,64,POLYGON 157.22341857277 68.5370670459305 157.22341857277 68.2870670459305 156.97341857277 68.2870670459305 156.97341857277 68.5370670459305,500,image/fits,4,25,,
science,UT1,M603,Atik Titan,Deep sky objects,CLS CCD,OPTICAL,M 82,IG       ,63,148.968458 ,69.679703              ,,dtouzan@gmail.com,IMAGE,1,58244.0,58244.013888889924,1200,,,,58251,,63,POLYGON 149.093458 69.804703 149.093458 69.554703 148.843458 69.554703 148.843458 69.804703,1000,image/fits,4,80,,
science,UT1,M603,Atik Titan,Deep sky objects,CLS CCD,OPTICAL,NGC 4236,GinGroup ,62,184.175492 ,69.462569              ,,dtouzan@gmail.com,IMAGE,1,58251.90902777994,58251.94027777994,2700,,,Dust in galaxy,58259,,62,POLYGON 184.300492 69.587569 184.300492 69.337569 184.050492 69.337569 184.050492 69.587569,500,image/fits,4,0,,
science,UT1,M603,Atik Titan,Deep sky objects,CLS CCD,OPTICAL,M 66,GinPair  ,61,170.062608 ,12.991289              ,,dtouzan@gmail.com,IMAGE,1,58225.87430555979,58225.88611110998,1020,,,Dust in galaxy,58233,,61,POLYGON 170.187608 13.116289 170.187608 12.866289 169.937608 12.866289 169.937608 13.116289,500,image/fits,4,0,,
science,UT1,M603,Atik Titan,Deep sky objects,CLS CCD,OPTICAL,NGC 4400,PartofG  ,60,186.4833 ,33.5150                  ,,dtouzan@gmail.com,IMAGE,1,58258.90555555979,58258.93333332986,2400,,,,58266,,60,POLYGON 186.6083 33.64 186.6083 33.39 186.3583 33.39 186.3583 33.64,500,image/fits,4,50,,
science,UT1,M603,Atik Titan,Deep sky objects,CLS CCD,OPTICAL,M 81,Seyfert_2,59,148.88822108929 ,69.06529470194    ,,dtouzan@gmail.com,IMAGE,1,58241.91111110989,58241.92638889002,1320,,,Dust in galaxy,58249,,59,POLYGON 149.01322108929 69.19029470194 149.01322108929 68.94029470194 148.76322108929 68.94029470194 148.76322108929 69.19029470194,500,image/fits,4,100,,
science,UT1,M603,Atik Titan,Deep sky objects,CLS CCD,OPTICAL,NGC 4236,GinGroup ,58,184.175492 ,69.462569              ,,dtouzan@gmail.com,IMAGE,1,58242.887500000186,58242.93055556016,3720,,,Dust in galaxy,58250,,58,POLYGON 184.300492 69.587569 184.300492 69.337569 184.050492 69.337569 184.050492 69.587569,1000,image/fits,4,80,,
science,UT1,M603,Atik Titan,Deep sky objects,CLS CCD,OPTICAL,NGC 3180 / NGC 3184,GinGroup ,57,154.570771 ,41.424381              ,,dtouzan@gmail.com,IMAGE,1,58228.87152777985,58228.893749999814,1920,,,Dust in galaxy,58236,,57,POLYGON 154.695771 41.549381 154.695771 41.299381 154.445771 41.299381 154.445771 41.549381,500,image/fits,4,25,,
science,UT1,M603,Atik Titan,Deep sky objects,CLS CCD,OPTICAL,NGC 2403,AGN      ,56,114.214150 ,65.602547              ,,dtouzan@gmail.com,IMAGE,1,58198.87430555979,58198.91319443984,3360,,,,58206,,56,POLYGON 114.33915 65.727547 114.33915 65.477547 114.08915 65.477547 114.08915 65.727547,500,image/fits,4,25,,
science,UT1,M603,Atik Titan,Deep sky objects,CLS CCD,OPTICAL,NGC 2281,OpCl     ,55,102.0708 ,41.0783                  ,,dtouzan@gmail.com,IMAGE,1,58184.860416669864,58184.8763888902,1380,,,Stars in cluster,58192,,55,POLYGON 102.1958 41.2033 102.1958 40.9533 101.9458 40.9533 101.9458 41.2033,1000,image/fits,4,80,,
science,UT1,M603,Atik Titan,Deep sky objects,CLS CCD,OPTICAL,NGC 2419,GlCl     ,54,114.53546 ,38.88192                ,,dtouzan@gmail.com,IMAGE,1,58184.8763888902,58184.88472221978,720,,,Stars in cluster,58192,,54,POLYGON 114.66046 39.00692 114.66046 38.75692 114.41046 38.75692 114.41046 39.00692,1000,image/fits,4,80,,
science,UT1,M603,Atik Titan,PN resolution,CLS CCD,OPTICAL,M 1,SNR,53,083.63308  ,22.01450,,dtouzan@gmail.com,IMAGE,1,58161.829166669864,58161.84722222015,1560,,,M1 Nebula resolution,58169,,53,POLYGON 83.75808 22.1395 83.75808 21.8895 83.50808 21.8895 83.50808 22.1395,950,image/fits,4,0,,
science,UT1,M603,Atik Titan,Deep sky objects,CLS CCD,OPTICAL,NGC 2266,OpCl,52,100.8340  ,26.9850,,dtouzan@gmail.com,IMAGE,1,58161.888888889924,58161.89479167014,510,,,Stars in cluster,58169,,52,POLYGON 100.959 27.11 100.959 26.86 100.709 26.86 100.709 27.11,950,image/fits,4,0,,
science,UT1,M603,Atik Titan,PN resolution,CLS CCD,OPTICAL,NGC 2371,PN       ,51,111.3945352380818 ,29.4906750076898,,dtouzan@gmail.com,IMAGE,1,58164.87847222015,58164.89305556007,1260,,,HII OIII region,58172,,51,POLYGON 111.519535238081 29.6156750076898 111.519535238081 29.3656750076898 111.269535238081 29.3656750076898 111.269535238081 29.6156750076898,950,image/fits,4,0,,
science,UT1,M603,Atik Titan,Deep sky objects,CLS CCD,OPTICAL,NGC 2158,OpCl     ,50,091.8542 ,24.0967                  ,,dtouzan@gmail.com,IMAGE,1,58160.89999999991,58160.90347222006,300,,,Stars in cluster,58168,,50,POLYGON 91.9792 24.2217 91.9792 23.9717 91.7292 23.9717 91.7292 24.2217,950,image/fits,4,0,,
science,UT1,M603,Atik Titan,PN resolution,CLS CCD,OPTICAL,M 1,SNR,49,083.63308  ,22.01450,,dtouzan@gmail.com,IMAGE,1,58160.85416666977,58160.87083332986,1440,,,M1 Nebula resolution,58168,,49,POLYGON 83.75808 22.1395 83.75808 21.8895 83.50808 21.8895 83.50808 22.1395,950,image/fits,4,0,,
science,UT1,M603,Atik Titan,HII,CLS CCD,OPTICAL,NGC 2905 / NGC 2903,HII_G    ,48,143.042129 ,21.500831              ,,dtouzan@gmail.com,IMAGE,1,58161.96944444021,58161.982638889924,1140,,,HII Region in M 100,58169,,48,POLYGON 143.167129 21.625831 143.167129 21.375831 142.917129 21.375831 142.917129 21.625831,475,image/fits,4,0,,
science,UT1,M603,Atik Titan,PN resolution,CLS CCD,OPTICAL,NGC 2371,PN       ,47,111.3945352380818 ,29.4906750076898,,dtouzan@gmail.com,IMAGE,1,58161.90069444012,58161.918750000186,1560,,,HII OIII region,58169,,47,POLYGON 111.519535238081 29.6156750076898 111.519535238081 29.3656750076898 111.269535238081 29.3656750076898 111.269535238081 29.6156750076898,950,image/fits,4,0,,
science,UT1,M603,Atik Titan,PN resolution,CLS CCD,OPTICAL,M 1,SNR,46,083.63308  ,22.01450,,dtouzan@gmail.com,IMAGE,1,58153.78750000009,58153.80208333023,1260,,,M1 Nebula resolution,58161,,46,POLYGON 83.75808 22.1395 83.75808 21.8895 83.50808 21.8895 83.50808 22.1395,950,image/fits,4,80,,
science,UT1,M603,Atik Titan,HII,CLS CCD,OPTICAL,M 42 ,HII      ,45,083.8221 ,-05.3911             ,,dtouzan@gmail.com,IMAGE,1,58151.85416666977,58151.85590277985,150,,,HII Region in M 100,58159,,45,POLYGON 83.9471 -5.2661 83.9471 -5.5161 83.6971 -5.5161 83.6971 -5.2661,945,image/fits,4,100,,
science,UT1,M603,Atik Titan,Deep sky objects,CLS CCD,OPTICAL,M 103,OpCl     ,44,023.3458 ,60.6500                  ,,dtouzan@gmail.com,IMAGE,1,58058.97222222015,58058.97847221978,540,,,Stars in cluster,58066,,44,POLYGON 23.4708 60.775 23.4708 60.525 23.2208 60.525 23.2208 60.775,1100,image/fits,4,100,,
science,UT1,M603,Atik Titan,Deep sky objects,CLS CCD,OPTICAL,C 0132+610 / tr1,OpCl,43,023.9100  ,61.2750,,dtouzan@gmail.com,IMAGE,1,58058.99513889011,58059.0013888902,540,,,Stars in cluster,58066,,43,POLYGON 24.035 61.4 24.035 61.15 23.785 61.15 23.785 61.4,1100,image/fits,4,100,,
science,UT1,M603,Atik Titan,Deep sky objects,CLS CCD,OPTICAL,NGC 206 ,Assoc*   ,42,010.1408 ,40.7394                  ,,dtouzan@gmail.com,IMAGE,1,58056.94722221978,58056.956944440026,840,,,,58064,,42,POLYGON 10.2658 40.8644 10.2658 40.6144 10.0158 40.6144 10.0158 40.8644,550,image/fits,4,80,,
archive,UT1,M603,Atik Titan,Deep sky objects,L,OPTICAL,NGC 6939,OpCl     ,41,307.8750 ,60.6617                  ,,dtouzan@gmail.com,IMAGE,1,58056.87916667014,58056.881597219966,210,,,NGC 6939with 200mm focal length,58064,,41,POLYGON 308 60.7867 308 60.5367 307.75 60.5367 307.75 60.7867,1000,image/fits,3,80,,
archive,UT1,SIGMA 70-300,Atik Titan,Deep sky objects with a telephoto lens,L,OPTICAL,M 52 ,OpCl     ,40,351.2000 ,61.5933                  ,,dtouzan@gmail.com,IMAGE,1,58053.88611110998,58053.90833332995,1920,,,M 52 with 200mm focal length,58061,,40,POLYGON 352 62.1933 352 60.9933 350.4 60.9933 350.4 62.1933,300,image/fits,3,50,,
archive,UT1,SIGMA 70-300,Atik Titan,Deep sky objects with a telephoto lens,L,OPTICAL,M 33 ,GinGroup ,39,023.462100 ,30.659942              ,,dtouzan@gmail.com,IMAGE,1,58053.92152778013,58053.94097222015,1680,,,M 33 with 200mm focal length,58061,,39,POLYGON 24.2621 31.259942 24.2621 30.059942 22.6621 30.059942 22.6621 31.259942,200,image/fits,3,50,,
archive,UT1,SIGMA 70-300,Atik Titan,Deep sky objects with a telephoto lens,L,OPTICAL,NGC 7789,OpCl     ,38,359.3500 ,56.7083                  ,,dtouzan@gmail.com,IMAGE,1,58039.9361111098,58039.946527780034,900,,,NGC 7789 with 200mm focal length,58047,,38,POLYGON 360.15 57.3083 360.15 56.1083 358.55 56.1083 358.55 57.3083,300,image/fits,3,50,,
archive,UT1,SIGMA 70-300,Atik Titan,Deep sky objects with a telephoto lens,L,OPTICAL,NGC 7438,OpCl     ,37,344.3400 ,54.3750                  ,,dtouzan@gmail.com,IMAGE,1,58039.96249999991,58039.97291667014,900,,,NGC 7438 with 200mm focal length,58047,,37,POLYGON 345.14 54.975 345.14 53.775 343.54 53.775 343.54 54.975,300,image/fits,3,50,,
archive,UT1,SIGMA 70-300,Atik Titan,Deep sky objects with a telephoto lens,L,OPTICAL,NGC 129,OpCl     ,36,007.5000 ,60.2183                  ,,dtouzan@gmail.com,IMAGE,1,58039.94861110998,58039.95902778022,900,,,NGC 129  with 200mm focal length,58047,,36,POLYGON 8.3 60.8183 8.3 59.6183 6.7 59.6183 6.7 60.8183,300,image/fits,3,50,,
archive,UT1,SIGMA 70-300,Atik Titan,Deep sky objects with a telephoto lens,L,OPTICAL,NGC 206,Assoc*   ,35,010.1408 ,40.7394                  ,,dtouzan@gmail.com,IMAGE,1,58039.889583330136,58039.93124999991,3600,,,NGC 206  with 200mm focal length,58047,,35,POLYGON 10.9408 41.3394 10.9408 40.1394 9.3408 40.1394 9.3408 41.3394,300,image/fits,3,50,,
archive,UT1,SIGMA 70-300,Atik Titan,Deep sky objects with a telephoto lens,L,OPTICAL,NGC 7331,LINER    ,34,339.267092 ,34.415919              ,,dtouzan@gmail.com,IMAGE,1,58015.91666666977,58015.95833333023,3600,,,NGC 7331 with 200mm focal length,58023,,34,POLYGON 340.067092 35.015919 340.067092 33.815919 338.467092 33.815919 338.467092 35.015919,300,image/fits,3,0,,
archive,UT1,SIGMA 70-300,Atik Titan,Deep sky objects with a telephoto lens,L,OPTICAL,NGC 206,Assoc*   ,33,010.1408 ,40.7394                  ,,dtouzan@gmail.com,IMAGE,1,58015.95833333023,58016.00277777994,3840,,,NGC 206  with 200mm focal length,58023,,33,POLYGON 10.9408 41.3394 10.9408 40.1394 9.3408 40.1394 9.3408 41.3394,300,image/fits,3,0,,
archive,UT1,SIGMA 70-300,Atik Titan,Deep sky objects with a telephoto lens,L,OPTICAL,LBN 111.05-12.46 / LBN 534 ,RfNeb    ,32,355.0000 ,48.8000                  ,,dtouzan@gmail.com,IMAGE,1,58013.91666666977,58013.95833333023,3600,,,LBN 111.05-12.46 / LBN 534 with 200mm focal length,58021,,32,POLYGON 355.8 49.4 355.8 48.2 354.2 48.2 354.2 49.4,135,image/fits,3,0,,
archive,UT1,SIGMA 70-300,Atik Titan,Deep sky objects with a telephoto lens,L,OPTICAL,M 39 ,OpCl     ,31,322.9500 ,48.4333                  ,,dtouzan@gmail.com,IMAGE,1,57970.94444443984,57970.95555556007,960,,,M 39 with 200mm focal length,57978,,31,POLYGON 323.75 49.0333 323.75 47.8333 322.15 47.8333 322.15 49.0333,200,image/fits,3,100,,
archive,UT1,SIGMA 70-300,Atik Titan,Deep sky objects with a telephoto lens,L,OPTICAL,NGC 6885,OpCl     ,30,303.0042 ,26.4783                  ,,dtouzan@gmail.com,IMAGE,1,57971.94791666977,57971.95833333023,900,,,NGC 6885 with 200mm focal length,57979,,30,POLYGON 303.8042 27.0783 303.8042 25.8783 302.2042 25.8783 302.2042 27.0783,300,image/fits,3,100,,
archive,UT1,SIGMA 70-300,Atik Titan,Deep sky objects with a telephoto lens,L,OPTICAL,NGC 6940,OpCl     ,29,308.6083 ,28.2833                  ,,dtouzan@gmail.com,IMAGE,1,57971.89583333023,57971.90625,900,,,NGC 6940 with 200mm focal length,57979,,29,POLYGON 309.4083 28.8833 309.4083 27.6833 307.8083 27.6833 307.8083 28.8833,300,image/fits,3,100,,
archive,UT1,SIGMA 70-300,Atik Titan,Deep sky objects with a telephoto lens,L,OPTICAL,IC 5146,SFregion ,28,328.3500 ,47.2667                  ,,dtouzan@gmail.com,IMAGE,1,57970.97916666977,57971.02083333023,3600,,,IC 5146  with 200mm focal length,57978,,28,POLYGON 329.15 47.8667 329.15 46.6667 327.55 46.6667 327.55 47.8667,200,image/fits,3,100,,
archive,UT1,SIGMA 70-300,Atik Titan,Deep sky objects with a telephoto lens,L,OPTICAL,NGC 6888,ISM      ,27,303.0292 ,38.3550                  ,,dtouzan@gmail.com,IMAGE,1,57951.9375,57951.99027778022,4560,,,NGC 6888 with 200mm focal length,57959,,27,POLYGON 303.8292 38.955 303.8292 37.755 302.2292 37.755 302.2292 38.955,200,image/fits,3,50,,
archive,UT1,SIGMA 70-300,Atik Titan,Deep sky objects with a telephoto lens,L,OPTICAL,M 101,GinPair  ,26,210.802429 ,54.348750              ,,dtouzan@gmail.com,IMAGE,1,57897.95833333023,57897.986111110076,2400,,,M 101 with 200mm focal length,57905,,26,POLYGON 211.602429 54.94875 211.602429 53.74875 210.002429 53.74875 210.002429 54.94875,200,image/fits,3,0,,
archive,UT1,SIGMA 70-300,Atik Titan,Deep sky objects with a telephoto lens,L,OPTICAL,M 106,Seyfert_2,25,184.740083 ,47.303719              ,,dtouzan@gmail.com,IMAGE,1,57896.97916666977,57896.9986111098,1680,,,M 106 with 200mm focal length,57904,,25,POLYGON 185.540083 47.903719 185.540083 46.703719 183.940083 46.703719 183.940083 47.903719,200,image/fits,3,0,,
archive,UT1,SIGMA 70-300,Atik Titan,Deep sky objects with a telephoto lens,L,OPTICAL,M 51 ,GinPair  ,24,202.469575 ,47.195258              ,,dtouzan@gmail.com,IMAGE,1,57897.0,57897.04166666977,3600,,,M 51 with 200mm focal length,57904,,24,POLYGON 203.269575 47.795258 203.269575 46.595258 201.669575 46.595258 201.669575 47.795258,200,image/fits,3,0,,
archive,UT1,SIGMA 70-300,Atik Titan,Deep sky objects with a telephoto lens,L,OPTICAL,M 64 ,Seyfert  ,23,194.182067 ,21.682658              ,,dtouzan@gmail.com,IMAGE,1,57886.90625,57886.94791666977,3600,,,M 64 with 200mm focal length,57894,,23,POLYGON 194.982067 22.282658 194.982067 21.082658 193.382067 21.082658 193.382067 22.282658,200,image/fits,3,100,,
archive,UT1,SIGMA 70-300,Atik Titan,Deep sky objects with a telephoto lens,L,OPTICAL,NGC 2395,OpCl     ,22,111.7740 ,13.5840                  ,,dtouzan@gmail.com,IMAGE,1,57855.84722222015,57855.857638889924,900,,,NGC 2395 with 200mm focal length,57863,,22,POLYGON 112.574 14.184 112.574 12.984 110.974 12.984 110.974 14.184,200,image/fits,3,100,,
archive,UT1,SIGMA 70-300,Atik Titan,Deep sky objects with a telephoto lens,L,OPTICAL,HD 421 / Do 26,Star     ,21,002.2055132965803 ,01.2542435642591,,dtouzan@gmail.com,IMAGE,1,57855.83333333023,57855.84375,900,,,HD 421 / Do 26  with 200mm focal length,57863,,21,POLYGON 3.0055132965803 1.8542435642591 3.0055132965803 0.6542435642591 1.4055132965803 0.6542435642591 1.4055132965803 1.8542435642591,200,image/fits,3,100,,
archive,UT1,SIGMA 70-300,Atik Titan,Deep sky objects with a telephoto lens,L,OPTICAL,NGC 2281,OpCl     ,20,102.0708 ,41.0783                  ,,dtouzan@gmail.com,IMAGE,1,57854.861111110076,57854.87152777985,900,,,NGC 2281 with 200mm focal length,57862,,20,POLYGON 102.8708 41.6783 102.8708 40.4783 101.2708 40.4783 101.2708 41.6783,200,image/fits,3,100,,
archive,UT1,SIGMA 70-300,Atik Titan,Deep sky objects with a telephoto lens,L,OPTICAL,NGC 2420,OpCl     ,19,114.5958 ,21.5733                  ,,dtouzan@gmail.com,IMAGE,1,57853.84375,57853.86944444012,2220,,,NGC 2420 with 200mm focal length,57861,,19,POLYGON 115.3958 22.1733 115.3958 20.9733 113.7958 20.9733 113.7958 22.1733,200,image/fits,3,100,,
archive,UT1,SIGMA 70-300,Atik Titan,Deep sky objects with a telephoto lens,L,OPTICAL,NGC 4565,LINER    ,18,189.086683 ,25.987392              ,,dtouzan@gmail.com,IMAGE,1,57871.94722221978,57871.97500000009,2400,,,NGC 4565 with 200mm focal length,57879,,18,POLYGON 189.886683 26.587392 189.886683 25.387392 188.286683 25.387392 188.286683 26.587392,200,image/fits,3,0,,
archive,UT1,SIGMA 70-300,Atik Titan,Deep sky objects with a telephoto lens,L,OPTICAL,NGC 2905 / NGC 2903,HII_G    ,17,143.042129 ,21.500831              ,,dtouzan@gmail.com,IMAGE,1,57871.90625,57871.925694440026,1680,,,NGC 2905 / NGC 2903 with 200mm focal length,57879,,17,POLYGON 143.842129 22.100831 143.842129 20.900831 142.242129 20.900831 142.242129 22.100831,200,image/fits,3,0,,
archive,UT1,SIGMA 70-300,Atik Titan,Deep sky objects with a telephoto lens,L,OPTICAL,M 65 ,GinPair  ,16,169.733154 ,13.092211              ,,dtouzan@gmail.com,IMAGE,1,57869.0,57869.04166666977,3600,,,M 65 with 200mm focal length,57876,,16,POLYGON 170.533154 13.692211 170.533154 12.492211 168.933154 12.492211 168.933154 13.692211,200,image/fits,3,0,,
archive,UT1,SIGMA 70-300,Atik Titan,Deep sky objects with a telephoto lens,L,OPTICAL,NGC 2331,OpCl     ,15,106.6800 ,27.2550                  ,,dtouzan@gmail.com,IMAGE,1,57827.93055556016,57827.94097222015,900,,,NGC 2331 with 200mm focal length,57835,,15,POLYGON 107.48 27.855 107.48 26.655 105.88 26.655 105.88 27.855,200,image/fits,3,100,,
archive,UT1,SIGMA 70-300,Atik Titan,Deep sky objects with a telephoto lens,L,OPTICAL,NGC 2682 / M 67,OpCl     ,14,132.8250 ,11.8000                  ,,dtouzan@gmail.com,IMAGE,1,57803.0,57803.01041666977,900,,,NGC 2682 / M 67 with 200mm focal length,57810,,14,POLYGON 133.625 12.4 133.625 11.2 132.025 11.2 132.025 12.4,200,image/fits,3,50,,
archive,UT1,SIGMA 70-300,Atik Titan,Deep sky objects with a telephoto lens,L,OPTICAL,IC 443 ,SNR      ,13,094.5113 ,22.6600                  ,,dtouzan@gmail.com,IMAGE,1,57775.875,57775.90416667005,2520,,,IC 443  with 200mm focal length,57783,,13,POLYGON 95.3113 23.26 95.3113 22.06 93.7113 22.06 93.7113 23.26,200,image/fits,3,25,,
archive,UT1,SIGMA 70-300,Atik Titan,Deep sky objects with a telephoto lens,L,OPTICAL,NGC 1807,OpCl     ,12,077.7030 ,16.5220                  ,,dtouzan@gmail.com,IMAGE,1,57777.875,57777.892361110076,1500,,,NGC 1807 with 200mm focal length,57785,,12,POLYGON 78.503 17.122 78.503 15.922 76.903 15.922 76.903 17.122,200,image/fits,3,0,,
archive,UT1,SIGMA 70-300,Atik Titan,Deep sky objects with a telephoto lens,L,OPTICAL,M 1,SNR      ,11,083.63308 ,22.01450                ,,dtouzan@gmail.com,IMAGE,1,57772.92708333023,57772.94513888983,1560,,,M 1 with 200mm focal length,57780,,11,POLYGON 84.43308 22.6145 84.43308 21.4145 82.83308 21.4145 82.83308 22.6145,200,image/fits,3,50,,
archive,UT1,SIGMA 70-300,Atik Titan,Deep sky objects with a telephoto lens,L,OPTICAL,NGC 1893,OpCl     ,10,080.6833 ,33.4117                  ,,dtouzan@gmail.com,IMAGE,1,57771.91666666977,57771.92708333023,900,,,NGC 1893 with 200mm focal length,57779,,10,POLYGON 81.4833 34.0117 81.4833 32.8117 79.8833 32.8117 79.8833 34.0117,200,image/fits,3,50,,
archive,UT1,SIGMA 70-300,Atik Titan,Deep sky objects with a telephoto lens,L,OPTICAL,NGC 2175,HII region,9,92.4125000,20.4866667,,dtouzan@gmail.com,IMAGE,1,57770.91666666977,57770.93194444012,1320,,,NGC 2175with 200mm focal length,57778,,9,POLYGON 93.2125 21.0866667 93.2125 19.8866667 91.6125 19.8866667 91.6125 21.0866667,200,image/fits,3,80,,
archive,UT1,SIGMA 70-300,Atik Titan,Deep sky objects with a telephoto lens,L,OPTICAL,M 33 ,GinGroup ,8,023.462100 ,30.659942              ,,dtouzan@gmail.com,IMAGE,1,57775.83333333023,57775.87708332995,3780,,,M 33 with 200mm focal length,57783,,8,POLYGON 24.2621 31.259942 24.2621 30.059942 22.6621 30.059942 22.6621 31.259942,200,image/fits,3,25,,
archive,UT1,SIGMA 70-300,Atik Titan,Deep sky objects with a telephoto lens,L,OPTICAL,NGC 663,OpCl     ,7,026.5375 ,61.2350                  ,,dtouzan@gmail.com,IMAGE,1,57769.89583333023,57769.90277777985,600,,,NGC 663  with 200mm focal length,57777,,7,POLYGON 27.3375 61.835 27.3375 60.635 25.7375 60.635 25.7375 61.835,200,image/fits,3,80,,
archive,UT1,SIGMA 70-300,Atik Titan,Deep sky objects with a telephoto lens,L,OPTICAL,NGC 1907,OpCl     ,6,082.0208 ,35.3250                  ,,dtouzan@gmail.com,IMAGE,1,57755.78125,57755.78472222015,300,,,NGC 1907 with 200mm focal length,57763,,6,POLYGON 82.8208 35.925 82.8208 34.725 81.2208 34.725 81.2208 35.925,300,image/fits,3,25,,
archive,UT1,SIGMA 70-300,Atik Titan,Deep sky objects with a telephoto lens,L,OPTICAL,M 37 ,OpCl     ,5,088.0750 ,32.5533                  ,,dtouzan@gmail.com,IMAGE,1,57748.82291666977,57748.84288193984,1725,,,M 37 with 200mm focal length,57756,,5,POLYGON 88.875 33.1533 88.875 31.9533 87.275 31.9533 87.275 33.1533,300,image/fits,3,0,,
archive,UT1,SIGMA 70-300,Atik Titan,Deep sky objects with a telephoto lens,L,OPTICAL,M 38 ,OpCl     ,4,082.1792 ,35.8550                  ,,dtouzan@gmail.com,IMAGE,1,57751.77083333023,57751.78819443984,1500,,,M 38 with 200mm focal length,57759,,4,POLYGON 82.9792 36.455 82.9792 35.255 81.3792 35.255 81.3792 36.455,200,image/fits,3,0,,
archive,UT1,SIGMA 70-300,Atik Titan,Deep sky objects with a telephoto lens,L,OPTICAL,M 34 ,OpCl     ,3,040.5208 ,42.7617                  ,,dtouzan@gmail.com,IMAGE,1,57750.77083333023,57750.78993056016,1650,,,M 34 with 200mm focal length,57758,,3,POLYGON 41.3208 43.3617 41.3208 42.1617 39.7208 42.1617 39.7208 43.3617,200,image/fits,3,0,,
archive,UT1,SIGMA 70-300,Atik Titan,Deep sky objects with a telephoto lens,L,OPTICAL,M 37 ,OpCl     ,2,088.0750 ,32.5533                  ,,dtouzan@gmail.com,IMAGE,1,57744.97222222015,57744.97743056016,450,,,M 37 with 200mm focal length,57752,,2,POLYGON 88.875 33.1533 88.875 31.9533 87.275 31.9533 87.275 33.1533,200,image/fits,3,50,,
archive,UT1,SIGMA 70-300,Atik Titan,Deep sky objects with a telephoto lens,L,OPTICAL,M 35 ,OpCl     ,1,092.2250 ,24.3333                  ,,dtouzan@gmail.com,IMAGE,1,57744.90625,57744.918750000186,1080,,,M 35 with 200mm focal length,57752,,1,POLYGON 93.025 24.9333 93.025 23.7333 91.425 23.7333 91.425 24.9333,200,image/fits,3,50,,
